{"stats":{"minecraft:dropped":{"minecraft:wooden_pickaxe":1},"minecraft:crafted":{"minecraft:oak_planks":68,"minecraft:crafting_table":1,"minecraft:stick":12,"minecraft:wooden_pickaxe":1,"minecraft:stone_pickaxe":1,"minecraft:stone_axe":1},"minecraft:custom":{"minecraft:time_since_rest":6564,"minecraft:sprint_one_cm":12511,"minecraft:damage_taken":65,"minecraft:walk_one_cm":7182,"minecraft:mob_kills":16,"minecraft:drop":1,"minecraft:damage_dealt":675,"minecraft:swim_one_cm":26364,"minecraft:interact_with_crafting_table":3,"minecraft:fly_one_cm":14338,"minecraft:crouch_one_cm":2895,"minecraft:play_time":6564,"minecraft:sneak_time":1123,"minecraft:walk_under_water_one_cm":10158,"minecraft:jump":96,"minecraft:time_since_death":6564,"minecraft:leave_game":1,"minecraft:walk_on_water_one_cm":4928,"minecraft:total_world_time":6564,"minecraft:fall_one_cm":1730},"minecraft:picked_up":{"minecraft:feather":1,"minecraft:chicken":2,"minecraft:leather":2,"minecraft:oak_log":19,"minecraft:dirt":2,"minecraft:beef":1,"minecraft:gray_wool":1,"minecraft:mutton":2,"minecraft:cod":12,"minecraft:cobblestone":23},"minecraft:killed":{"minecraft:sheep":1,"minecraft:chicken":2,"minecraft:cod":12,"minecraft:cow":1},"minecraft:used":{"minecraft:stone_pickaxe":20,"minecraft:oak_planks":9,"minecraft:wooden_pickaxe":3,"minecraft:stone_axe":34,"minecraft:dirt":2,"minecraft:cobblestone":1,"minecraft:crafting_table":1,"minecraft:cod":4},"minecraft:mined":{"minecraft:tall_seagrass":3,"minecraft:kelp_plant":2,"minecraft:grass_block":2,"minecraft:oak_log":19,"minecraft:stone":23}},"DataVersion":3953}