{"stats":{"minecraft:crafted":{"minecraft:oak_planks":8},"minecraft:custom":{"minecraft:jump":103,"minecraft:leave_game":1,"minecraft:time_since_rest":6495,"minecraft:damage_dealt":45,"minecraft:crouch_one_cm":84,"minecraft:sprint_one_cm":9569,"minecraft:play_time":6495,"minecraft:damage_taken":125,"minecraft:time_since_death":6495,"minecraft:walk_one_cm":15964,"minecraft:sneak_time":57,"minecraft:total_world_time":6495,"minecraft:fall_one_cm":3857,"minecraft:fly_one_cm":9268},"minecraft:picked_up":{"minecraft:oak_log":2,"minecraft:dirt":1},"minecraft:used":{"minecraft:dirt":1},"minecraft:mined":{"minecraft:short_grass":1,"minecraft:oak_log":2,"minecraft:grass_block":1,"minecraft:oak_leaves":3}},"DataVersion":3953}